-------,avocado,main
avocado,0.044776,0.829932
main,0.843537,0.034014
