-------,Avocado,main
avocado,0.333333,0.842424
main,0.870748,0.272727
