-------,avocado,main
Avocado,0.362319,0.863946
main,0.842424,0.254545
