-------,Avocado,main
Avocado,0.057971,0.890909
main,0.860606,0.036364
